YearMonth,Revenue,Revenue_Growth_Percentage,Orders,Order_Growth_Percentage,Customers,Customer_Growth_Percentage,Quantity,Quantity_Growth_Percentage
2010-12,570422.73,,1400,,885,,311048,
2011-01,568101.31,-0.40696484868334437,987,-29.500000000000004,741,-16.271186440677965,348473,12.031905043594548
2011-02,446084.92,-21.477927942113006,997,1.0131712259371817,758,2.294197031039147,265027,-23.946188083438315
2011-03,594081.76,33.17683099442144,1321,32.4974924774323,974,28.49604221635884,347582,31.14965645009753
2011-04,468374.331,-21.15995431335915,1149,-13.02043906131718,856,-12.114989733059545,291366,-16.17344971833985
2011-05,677355.15,44.618333065737545,1555,35.335073977371636,1056,23.364485981308402,372864,27.97100553942464
2011-06,660046.05,-2.5553950538354964,1393,-10.418006430868164,991,-6.155303030303028,363014,-2.6417138688637154
2011-07,598962.901,-9.254376872643977,1331,-4.4508255563532,949,-4.238143289606455,367360,1.1971990060989368
2011-08,644051.04,7.527701452748259,1280,-3.831705484598047,935,-1.475237091675452,397373,8.169915069686407
2011-09,950690.202,47.611003314271485,1755,37.109375,1266,35.401069518716575,543652,36.811509589227256
2011-10,1035642.45,8.935849745930158,1929,9.914529914529924,1364,7.740916271721954,591543,8.809127897993573
2011-11,1156205.61,11.641388396159336,2657,37.73976153447383,1664,21.994134897360706,665923,12.573895726937856
2011-12,517190.44,-55.26829868953844,778,-70.71885585246518,615,-63.04086538461539,286777,-56.93541145147412
