Country,Revenue,Orders,Customers,Quantity,Average_Order_Value
United Kingdom,7285024.644,16646,3920,4241305,437.64415739517005
Netherlands,285446.34,94,9,200361,3036.663191489362
EIRE,265262.46,260,3,140133,1020.2402307692308
Germany,228678.4,457,94,119154,500.39037199124726
France,208934.31,389,87,111428,537.1061953727507
Australia,138453.81,57,9,83891,2429.0142105263158
Spain,61558.56,90,30,27933,683.9839999999999
Switzerland,56443.95,51,21,30082,1106.7441176470588
Belgium,41196.340000000004,98,25,23237,420.37081632653064
Sweden,38367.83,36,8,36078,1065.7730555555556
Japan,37416.37,19,8,26016,1969.2826315789475
Norway,36165.44,36,10,19336,1004.5955555555556
Portugal,33375.840000000004,57,19,16095,585.541052631579
Finland,22546.08,41,12,10704,549.9043902439025
Singapore,21279.29,7,1,5241,3039.8985714285714
Channel Islands,20440.54,26,9,9485,786.1746153846154
Denmark,18955.34,18,9,8235,1053.0744444444445
Italy,17483.24,38,14,8112,460.08526315789476
Cyprus,13502.85,16,8,6340,843.928125
Austria,10198.68,17,11,4881,599.9223529411765
Poland,7334.65,19,6,3684,386.03421052631575
Israel,7215.84,5,3,4043,1443.1680000000001
Greece,4760.52,5,4,1557,952.104
Iceland,4310.0,7,1,2458,615.7142857142857
Canada,3666.38,6,4,2763,611.0633333333334
USA,3580.39,5,4,2458,716.078
Malta,2725.59,5,2,970,545.118
Unspecified,2660.77,8,4,1785,332.59625
United Arab Emirates,1902.28,3,2,982,634.0933333333334
Lebanon,1693.88,1,1,386,1693.88
Lithuania,1661.06,4,1,652,415.265
European Community,1300.25,4,1,499,325.0625
Brazil,1143.6,1,1,356,1143.6
RSA,1002.3100000000001,1,1,351,1002.3100000000001
Czech Republic,826.74,2,1,671,413.37
Bahrain,548.4,2,2,260,274.2
Saudi Arabia,145.92000000000002,1,1,80,145.92000000000002
