Date,Revenue,Orders,Customers,Quantity
2010-12-01,46192.49,121,95,24114
2010-12-02,47197.57,137,99,31077
2010-12-03,23876.63,57,50,11798
2010-12-05,31361.28,87,75,16241
2010-12-06,31009.33,94,82,16115
2010-12-07,53730.96,71,65,19404
2010-12-08,39094.2,111,99,21497
2010-12-09,38193.91,98,90,17383
2010-12-10,33488.38,72,53,15927
2010-12-12,17102.35,43,42,10533
2010-12-13,27578.34,64,59,15309
2010-12-14,29235.13,81,73,17707
2010-12-15,30251.47,70,66,18388
2010-12-16,48791.87,113,98,29711
2010-12-17,19966.36,55,51,11395
2010-12-19,7292.95,18,17,3674
2010-12-20,19599.06,50,41,13419
2010-12-21,15929.16,27,23,11062
2010-12-22,4886.52,14,13,3074
2010-12-23,5644.77,17,15,3220
2011-01-04,12105.11,35,34,6950
2011-01-05,28799.43,48,45,18369
2011-01-06,34343.79,46,45,21534
2011-01-07,23797.79,47,45,15122
2011-01-09,15590.68,48,48,8125
2011-01-10,15330.83,34,32,9380
2011-01-11,60243.73,53,47,26072
2011-01-12,17124.74,42,42,7883
2011-01-13,15159.46,41,41,8309
2011-01-14,39509.7,38,37,21098
2011-01-16,6976.39,25,22,4086
2011-01-17,16527.05,46,45,8692
2011-01-18,87559.21,32,31,80605
2011-01-19,21586.78,33,33,15869
2011-01-20,15197.08,34,30,8171
2011-01-21,24276.01,34,32,12694
2011-01-23,10306.1,27,27,5200
2011-01-24,17601.87,44,43,9587
2011-01-25,23994.38,59,57,14443
2011-01-26,17424.45,53,49,10418
2011-01-27,22050.49,50,50,10902
2011-01-28,17247.2,37,36,9164
2011-01-30,6542.61,24,22,3383
2011-01-31,18806.43,57,50,12417
2011-02-01,26358.7,58,57,14995
2011-02-02,17091.15,56,55,8908
2011-02-03,22171.9,45,44,15427
2011-02-04,18087.96,45,41,11254
2011-02-06,3439.67,11,11,2036
2011-02-07,23382.97,38,35,8567
2011-02-08,14153.34,38,37,8664
2011-02-09,11910.83,23,22,6144
2011-02-10,14155.36,40,39,11767
2011-02-11,18579.96,38,34,9575
2011-02-13,5645.4800000000005,20,20,2723
2011-02-14,22999.39,36,36,12339
2011-02-15,37750.62,53,47,22082
2011-02-16,23413.97,62,56,15729
2011-02-17,17659.64,55,50,12747
2011-02-18,14438.73,35,34,8610
2011-02-20,9437.8,26,26,5218
2011-02-21,32724.38,33,31,20376
2011-02-22,29116.63,50,47,20921
2011-02-23,19315.97,53,49,12139
2011-02-24,21463.94,53,52,11558
2011-02-25,18377.14,45,42,10038
2011-02-27,9382.710000000001,33,31,4823
2011-02-28,15026.68,51,49,8387
2011-03-01,23621.59,56,52,11566
2011-03-02,18666.14,42,40,8608
2011-03-03,32818.19,47,46,19119
2011-03-04,17302.55,45,38,12930
2011-03-06,9951.67,26,24,5026
2011-03-07,20247.850000000002,58,49,11088
2011-03-08,22184.11,44,41,13811
2011-03-09,20320.23,51,47,11457
2011-03-10,24429.77,52,46,15222
2011-03-11,20894.75,48,42,9249
2011-03-13,4117.22,16,16,2733
2011-03-14,25866.33,48,41,16729
2011-03-15,14896.28,41,40,7918
2011-03-16,21715.11,50,46,12843
2011-03-17,31976.510000000002,56,51,19025
2011-03-18,23334.600000000002,52,48,13214
2011-03-20,19880.99,57,56,13473
2011-03-21,16020.1,48,47,9443
2011-03-22,19016.94,41,40,13484
2011-03-23,21566.02,59,55,13918
2011-03-24,36496.79,68,63,18164
2011-03-25,27271.1,52,45,13325
2011-03-27,9189.77,31,31,4495
2011-03-28,19961.67,58,52,11574
2011-03-29,37190.52,50,46,24183
2011-03-30,29523.85,66,63,20055
2011-03-31,25621.11,59,57,14930
2011-04-01,24487.9,68,59,18279
2011-04-03,6872.53,19,18,5646
2011-04-04,28998.010000000002,54,49,12861
2011-04-05,28667.42,46,45,15175
2011-04-06,12698.32,37,36,8011
2011-04-07,16780.32,61,57,10063
2011-04-08,22673.91,65,63,12272
2011-04-10,9879.75,32,31,5603
2011-04-11,20179.7,59,54,13127
2011-04-12,23988.6,60,54,14577
2011-04-13,24450.27,60,54,18752
2011-04-14,35682.73,82,75,18507
2011-04-15,17999.181,41,40,11088
2011-04-17,12630.34,42,39,8136
2011-04-18,43671.37,62,56,26219
2011-04-19,18811.19,53,52,12902
2011-04-20,25715.8,62,58,17851
2011-04-21,27771.04,71,64,17075
2011-04-26,21536.86,59,55,14458
2011-04-27,23566.91,61,56,17658
2011-04-28,21312.18,55,49,13106
2011-05-01,6958.11,18,18,3814
2011-05-03,28877.21,59,50,11134
2011-05-04,27509.81,62,55,17359
2011-05-05,25191.79,82,76,16188
2011-05-06,30783.33,77,64,18285
2011-05-08,18731.98,63,58,10621
2011-05-09,21608.16,63,59,11679
2011-05-10,29807.25,70,63,16381
2011-05-11,31848.3,73,56,18422
2011-05-12,59827.74,84,68,37090
2011-05-13,25815.72,67,52,13265
2011-05-15,9667.15,30,29,4768
2011-05-16,35706.7,64,52,15135
2011-05-17,46361.090000000004,72,56,25164
2011-05-18,32775.69,71,62,18591
2011-05-19,31521.87,92,82,17160
2011-05-20,25351.44,69,58,15063
2011-05-22,24102.0,61,57,12645
2011-05-23,31232.53,64,55,17479
2011-05-24,32460.83,62,53,14577
2011-05-25,21870.71,60,52,12435
2011-05-26,32764.38,61,50,16146
2011-05-27,21109.22,56,49,14828
2011-05-29,7338.94,24,20,4067
2011-05-31,18133.2,51,48,10568
2011-06-01,15380.39,37,35,9555
2011-06-02,28078.91,42,33,13703
2011-06-03,15024.11,41,37,7237
2011-06-05,25423.760000000002,67,62,13397
2011-06-06,16269.03,56,54,9139
2011-06-07,33807.85,71,68,17659
2011-06-08,30122.23,82,71,18809
2011-06-09,42862.8,82,76,27153
2011-06-10,58245.12,44,41,9833
2011-06-12,12397.09,38,38,9454
2011-06-13,19696.66,52,49,10653
2011-06-14,33324.49,52,42,12960
2011-06-15,44954.18,50,42,29446
2011-06-16,32252.1,81,74,19616
2011-06-17,19053.53,46,35,11345
2011-06-19,22421.48,60,57,15069
2011-06-20,26110.99,59,49,14865
2011-06-21,19827.91,48,45,13122
2011-06-22,21143.75,57,55,15269
2011-06-23,22469.62,69,64,13972
2011-06-24,16016.04,45,40,9063
2011-06-26,7032.36,26,24,3760
2011-06-27,13381.75,35,31,9151
2011-06-28,30470.88,49,41,20821
2011-06-29,12569.78,39,36,7468
2011-06-30,41709.24,65,55,20495
2011-07-01,12146.44,42,35,7433
2011-07-03,5972.7300000000005,25,24,3091
2011-07-04,30941.37,37,32,12056
2011-07-05,25988.510000000002,64,58,17631
2011-07-06,22934.22,66,61,17805
2011-07-07,27860.38,73,67,17638
2011-07-08,17538.5,46,42,10153
2011-07-10,5959.54,24,20,4204
2011-07-11,20008.83,48,43,14097
2011-07-12,17938.49,45,41,11537
2011-07-13,19411.52,56,50,15251
2011-07-14,31979.04,69,61,17049
2011-07-15,11814.7,37,34,6359
2011-07-17,16926.15,50,45,10809
2011-07-18,22001.63,46,45,12701
2011-07-19,46583.01,62,57,28400
2011-07-20,27021.06,53,47,15341
2011-07-21,30271.940000000002,70,59,19533
2011-07-22,14628.88,37,34,8325
2011-07-24,26777.920000000002,57,53,17569
2011-07-25,19676.55,53,49,14271
2011-07-26,17284.301,46,44,12637
2011-07-27,22846.13,44,39,13224
2011-07-28,54171.950000000004,78,68,29683
2011-07-29,17166.75,62,57,11165
2011-07-31,33112.36,41,37,19398
2011-08-01,19778.12,39,35,11256
2011-08-02,20272.0,41,39,14223
2011-08-03,26572.83,62,59,16125
2011-08-04,62074.19,79,76,40092
2011-08-05,19703.95,52,47,12162
2011-08-07,7541.91,29,28,5174
2011-08-08,19743.98,38,38,12430
2011-08-09,25949.920000000002,40,38,15821
2011-08-10,19853.41,43,42,12326
2011-08-11,54325.27,64,58,36444
2011-08-12,17970.170000000002,46,40,11049
2011-08-14,5701.87,25,21,3172
2011-08-15,17235.95,48,46,10173
2011-08-16,16072.710000000001,50,44,10461
2011-08-17,48554.44,51,45,24794
2011-08-18,54034.98,67,64,34016
2011-08-19,17326.07,55,54,10663
2011-08-21,14410.25,38,36,8075
2011-08-22,29617.26,63,57,15527
2011-08-23,22384.02,60,56,13698
2011-08-24,38371.37,72,59,27328
2011-08-25,22441.260000000002,72,68,13151
2011-08-26,24095.49,44,41,16763
2011-08-28,10686.56,37,36,6701
2011-08-30,8805.17,23,23,4207
2011-08-31,20527.89,42,39,11542
2011-09-01,37358.62,76,69,27850
2011-09-02,30203.86,64,58,15375
2011-09-04,16930.43,49,45,10863
2011-09-05,35439.91,67,57,22266
2011-09-06,25466.97,61,54,14451
2011-09-07,21967.420000000002,46,42,13731
2011-09-08,23048.38,72,63,15979
2011-09-09,25082.86,58,52,15989
2011-09-11,35206.92,75,68,20906
2011-09-12,27777.36,67,62,16323
2011-09-13,48116.5,63,61,35000
2011-09-14,22013.75,65,58,13433
2011-09-15,71926.69,79,70,27638
2011-09-16,23245.03,46,44,14125
2011-09-18,15639.55,27,25,8937
2011-09-19,46588.21,69,63,29241
2011-09-20,103377.68,67,53,42599
2011-09-21,38472.1,67,65,19615
2011-09-22,57734.98,111,94,32749
2011-09-23,31753.75,58,56,19786
2011-09-25,31164.781,75,74,19424
2011-09-26,29265.511,65,62,15238
2011-09-27,29212.32,75,67,19505
2011-09-28,39001.91,80,72,24026
2011-09-29,44671.27,103,93,26957
2011-09-30,40023.44,70,60,21646
2011-10-02,11479.98,34,32,8322
2011-10-03,62143.07,65,48,24553
2011-10-04,38532.090000000004,74,65,23016
2011-10-05,73975.57,94,82,45854
2011-10-06,60258.53,116,98,34513
2011-10-07,49089.47,85,74,29636
2011-10-09,12215.51,38,35,7263
2011-10-10,42962.8,90,83,24990
2011-10-11,46401.14,78,69,26633
2011-10-12,27655.2,82,73,16151
2011-10-13,32850.25,74,67,17813
2011-10-14,32071.62,70,61,17189
2011-10-16,21767.94,35,32,8649
2011-10-17,46868.65,85,76,30056
2011-10-18,37248.16,77,73,26865
2011-10-19,37227.88,77,71,18185
2011-10-20,60910.3,86,76,40833
2011-10-21,60364.01,62,56,24211
2011-10-23,12156.57,42,39,6953
2011-10-24,38897.89,73,61,23661
2011-10-25,36113.86,72,65,25608
2011-10-26,34105.36,92,77,20101
2011-10-27,55747.200000000004,104,91,32418
2011-10-28,37194.58,65,60,22966
2011-10-30,34397.95,96,88,19943
2011-10-31,33006.87,63,61,15161
2011-11-01,29069.56,76,74,16530
2011-11-02,38536.44,83,79,26592
2011-11-03,60536.090000000004,100,86,33435
2011-11-04,55716.47,87,73,33416
2011-11-06,42508.590000000004,101,88,23085
2011-11-07,28602.73,90,81,16358
2011-11-08,38151.91,99,95,21582
2011-11-09,61241.58,118,101,36888
2011-11-10,70373.03,125,112,37955
2011-11-11,36932.07,93,87,23844
2011-11-13,28416.010000000002,83,75,19610
2011-11-14,58595.22,104,93,32050
2011-11-15,47535.51,104,93,26773
2011-11-16,48154.12,124,111,29010
2011-11-17,55683.49,136,125,30235
2011-11-18,36606.25,103,98,20224
2011-11-20,29642.39,98,91,18457
2011-11-21,45202.01,96,85,24494
2011-11-22,49438.55,130,120,31596
2011-11-23,71722.75,130,107,38287
2011-11-24,38359.69,109,98,22812
2011-11-25,26542.33,73,69,14142
2011-11-27,16969.25,56,51,10307
2011-11-28,51632.21,114,97,27932
2011-11-29,48640.57,126,109,25886
2011-11-30,41396.79,99,92,24423
2011-12-01,44405.37,118,111,24810
2011-12-02,44526.1,114,95,25524
2011-12-04,20232.0,62,58,11321
2011-12-05,58081.090000000004,116,105,38347
2011-12-06,45989.66,110,103,27736
2011-12-07,69230.6,104,94,41011
2011-12-08,50395.96,113,105,27476
2011-12-09,184329.66,41,35,90552
