Column,Missing_Values,Unique_Values,Data_Type
InvoiceNo,0,18532,int64
StockCode,0,3665,object
Description,0,3877,object
Quantity,0,301,int64
InvoiceDate,0,17282,object
UnitPrice,0,440,float64
CustomerID,0,4338,float64
Country,0,37,object
TotalPrice,0,2810,float64
Year,0,2,int64
Month,0,12,int64
MonthName,0,12,object
DayOfWeek,0,6,object
Hour,0,15,int64
Quarter,0,4,int64
IsWeekend,0,2,int64
YearMonth,0,13,object
Season,0,4,object
TimeOfDay,0,3,object
OrderValueCategory,0,3,object
CustomerType,0,3,object
