YearMonth,Revenue,Revenue_Growth_Percentage
2010-12,570422.73,
2011-01,568101.31,-0.40696484868334437
2011-02,446084.92,-21.477927942113006
2011-03,594081.76,33.17683099442144
2011-04,468374.331,-21.15995431335915
2011-05,677355.15,44.618333065737545
2011-06,660046.05,-2.5553950538354964
2011-07,598962.901,-9.254376872643977
2011-08,644051.04,7.527701452748259
2011-09,950690.202,47.611003314271485
2011-10,1035642.45,8.935849745930158
2011-11,1156205.61,11.641388396159336
2011-12,517190.44,-55.26829868953844
