MonthName,Revenue,Orders,Customers,Quantity,Average_Order_Value
January,568101.31,987,741,348473,575.58390070922
February,446084.92,997,758,265027,447.4272016048144
March,594081.76,1321,974,347582,449.72124148372444
April,468374.331,1149,856,291366,407.63649347258485
May,677355.15,1555,1056,372864,435.59816720257237
June,660046.05,1393,991,363014,473.8306173725772
July,598962.901,1331,949,367360,450.0096927122464
August,644051.04,1280,935,397373,503.16487500000005
September,950690.202,1755,1266,543652,541.7038188034188
October,1035642.45,1929,1364,591543,536.8804821150856
November,1156205.61,2657,1664,665923,435.15453895370723
December,1087613.17,2178,1265,597825,499.3632552800734
