YearMonth,Revenue,Orders,Customers,Quantity,Revenue_Per_Order,Revenue_Per_Customer,Orders_Per_Customer,Quantity_Per_Customer
2010-12,570422.73,1400,885,311048,407.44480714285714,644.5454576271186,1.5819209039548023,351.46666666666664
2011-01,568101.31,987,741,348473,575.58390070922,766.6684345479083,1.3319838056680162,470.2739541160594
2011-02,446084.92,997,758,265027,447.4272016048144,588.5025329815303,1.3153034300791557,349.63984168865437
2011-03,594081.76,1321,974,347582,449.72124148372444,609.940205338809,1.3562628336755647,356.86036960985626
2011-04,468374.331,1149,856,291366,407.63649347258485,547.1662745327103,1.3422897196261683,340.38084112149534
2011-05,677355.15,1555,1056,372864,435.59816720257237,641.4348011363636,1.472537878787879,353.09090909090907
2011-06,660046.05,1393,991,363014,473.8306173725772,666.0404137235116,1.4056508577194753,366.3107971745711
2011-07,598962.901,1331,949,367360,450.0096927122464,631.1516343519494,1.4025289778714436,387.1022128556375
2011-08,644051.04,1280,935,397373,503.16487500000005,688.82464171123,1.3689839572192513,424.99786096256685
2011-09,950690.202,1755,1266,543652,541.7038188034188,750.9401279620854,1.386255924170616,429.4249605055292
2011-10,1035642.45,1929,1364,591543,536.8804821150856,759.2686583577712,1.4142228739002933,433.6825513196481
2011-11,1156205.61,2657,1664,665923,435.15453895370723,694.8351021634616,1.5967548076923077,400.1941105769231
2011-12,517190.44,778,615,286777,664.769203084833,840.9600650406504,1.2650406504065042,466.3040650406504
