StockCode,Description,Revenue,Quantity,Orders,Customers,Revenue_Per_Order
85123A,WHITE HANGING HEART T-LIGHT HOLDER,100392.1,36706,1971,856,50.93460172501268
22423,REGENCY CAKESTAND 3 TIER,142264.75,12374,1703,881,83.53772753963594
85099B,JUMBO BAG RED RETROSPOT,85040.54000000001,46078,1600,635,53.150337500000006
47566,PARTY BUNTING,68785.23000000001,15279,1379,708,49.88051486584482
84879,ASSORTED COLOUR BIRD ORNAMENT,56413.03,35263,1375,678,41.02765818181818
20725,LUNCH BAG RED RETROSPOT,27868.8,17576,1288,532,21.637267080745342
22720,SET OF 3 CAKE TINS PANTRY DESIGN ,33298.3,7010,1146,640,29.056108202443284
POST,POSTAGE,77803.96,3120,1099,331,70.79523202911739
20727,LUNCH BAG  BLACK SKULL.,17950.3,11246,1052,458,17.063022813688214
21212,PACK OF 72 RETROSPOT CAKE CASES,16381.88,33670,1029,635,15.920194363459668
