Week,Revenue,Orders,Customers,Quantity
2010-11-29/2010-12-05,148627.97,402,303,83230
2010-12-06/2010-12-12,212619.13,489,406,100859
2010-12-13/2010-12-19,163116.12,401,336,96184
2010-12-20/2010-12-26,46059.51,108,86,30775
2011-01-03/2011-01-09,114636.8,224,207,70100
2011-01-10/2011-01-16,154344.85,233,212,76828
2011-01-17/2011-01-23,175452.23,206,187,131231
2011-01-24/2011-01-30,104861.0,267,244,57897
2011-01-31/2011-02-06,105955.81,272,247,65037
2011-02-07/2011-02-13,87827.94,197,183,47440
2011-02-14/2011-02-20,125700.15,267,236,76725
2011-02-21/2011-02-27,130380.77,267,245,79855
2011-02-28/2011-03-06,117386.82,267,242,65636
2011-03-07/2011-03-13,112193.93000000001,269,229,63560
2011-03-14/2011-03-20,137669.82,304,268,83202
2011-03-21/2011-03-27,129560.72,299,270,72829
2011-03-28/2011-04-03,143657.58,320,279,94667
2011-04-04/2011-04-10,119697.73,295,266,63985
2011-04-11/2011-04-17,134930.821,344,302,84187
2011-04-18/2011-04-24,115969.40000000001,248,221,74047
2011-04-25/2011-05-01,73374.06,193,171,49036
2011-05-02/2011-05-08,131094.12,343,291,73587
2011-05-09/2011-05-15,178574.32,387,311,101605
2011-05-16/2011-05-22,195818.79,429,349,103758
2011-05-23/2011-05-29,146776.61000000002,327,261,79532
2011-05-30/2011-06-05,102040.37,238,212,54460
2011-06-06/2011-06-12,193704.12,373,334,92047
2011-06-13/2011-06-19,171702.44,341,286,99089
2011-06-20/2011-06-26,112600.67,304,263,70051
2011-06-27/2011-07-03,116250.82,255,205,68459
2011-07-04/2011-07-10,131222.52,310,269,79487
2011-07-11/2011-07-17,118078.73,305,262,75102
2011-07-18/2011-07-24,167284.44,325,283,101869
2011-07-25/2011-07-31,164258.041,324,278,100378
2011-08-01/2011-08-07,155943.0,302,275,99032
2011-08-08/2011-08-14,143544.62,256,226,91242
2011-08-15/2011-08-21,167634.4,309,277,98182
2011-08-22/2011-08-28,147595.96,348,301,93168
2011-08-29/2011-09-04,113825.97,254,227,69837
2011-09-05/2011-09-11,166212.46,379,317,103322
2011-09-12/2011-09-18,208718.88,347,303,115456
2011-09-19/2011-09-25,309091.501,447,385,163414
2011-09-26/2011-10-02,193654.431,427,375,115694
2011-10-03/2011-10-09,296214.24,472,390,164835
2011-10-10/2011-10-16,203708.95,429,363,111425
2011-10-17/2011-10-23,254775.57,429,366,147103
2011-10-24/2011-10-30,236456.84,502,423,144697
2011-10-31/2011-11-06,259374.02,510,442,148219
2011-11-07/2011-11-13,263717.33,608,517,156237
2011-11-14/2011-11-20,276216.98,669,569,156749
2011-11-21/2011-11-27,248234.58,594,492,141638
2011-11-28/2011-12-04,250833.04,633,516,139896
2011-12-05/2011-12-11,408026.97000000003,484,416,225122
